{"Monday": 0.5096, "Saturday": 0.0129, "Sunday": 0.0026666666666666666, "Thursday": 0.009366666666666667, "Tuesday": 0.3554333333333333, "Wednesday": 0.7225}